{"final": false, "params": {"dropout_proportion": 0.4833639400393338, "learning_rate": 9.929788519304714e-05}, "test_loss": 0.1239490956068039, "test_acc": 0.9001513123512268, "test_auc": 0.935612142086029, "test_f1": 0.6024096608161926, "test_prec": 0.8620689511299133, "test_rec": 0.46296295523643494}
{"final": false, "params": {"dropout_proportion": 0.15650491912146186, "learning_rate": 5.048593025108785e-05}, "test_loss": 0.04328346997499466, "test_acc": 0.9137670397758484, "test_auc": 0.9132425785064697, "test_f1": 0.751091718673706, "test_prec": 0.71074378490448, "test_rec": 0.7962962985038757}
{"final": false, "params": {"dropout_proportion": 0.7116090314698497, "learning_rate": 1.5360150412472606e-05}, "test_loss": 0.9295392632484436, "test_acc": 0.9319213032722473, "test_auc": 0.9550264477729797, "test_f1": 0.7926267385482788, "test_prec": 0.78899085521698, "test_rec": 0.7962962985038757}
{"final": false, "params": {"dropout_proportion": 0.6770605228861343, "learning_rate": 3.889332505129027e-06}, "test_loss": 0.5420221090316772, "test_acc": 0.9167927503585815, "test_auc": 0.9515437483787537, "test_f1": 0.7679324746131897, "test_prec": 0.7054263353347778, "test_rec": 0.8425925970077515}
{"final": false, "params": {"dropout_proportion": 0.5853070866203297, "learning_rate": 8.417062587584713e-06}, "test_loss": 0.004318933002650738, "test_acc": 0.9213312864303589, "test_auc": 0.9457002282142639, "test_f1": 0.75, "test_prec": 0.7799999713897705, "test_rec": 0.7222222089767456}
{"final": false, "params": {"dropout_proportion": 0.7876827115775618, "learning_rate": 5.9782950197669575e-05}, "test_loss": 1.0021729469299316, "test_acc": 0.9137670397758484, "test_auc": 0.9346326589584351, "test_f1": 0.7420814633369446, "test_prec": 0.7256637215614319, "test_rec": 0.7592592835426331}
{"final": false, "params": {"dropout_proportion": 0.6997534857607252, "learning_rate": 2.7733894650227267e-05}, "test_loss": 0.05610959231853485, "test_acc": 0.9183055758476257, "test_auc": 0.9420835971832275, "test_f1": 0.7567567825317383, "test_prec": 0.7368420958518982, "test_rec": 0.7777777910232544}
{"final": false, "params": {"dropout_proportion": 0.348466547625318, "learning_rate": 4.973629557094268e-05}, "test_loss": 0.5333541631698608, "test_acc": 0.9228441715240479, "test_auc": 0.9495847821235657, "test_f1": 0.7559808492660522, "test_prec": 0.7821782231330872, "test_rec": 0.7314814925193787}
{"final": false, "params": {"dropout_proportion": 0.20470882712306812, "learning_rate": 6.717140121143639e-05}, "test_loss": 0.11210085451602936, "test_acc": 0.9152798652648926, "test_auc": 0.9378306865692139, "test_f1": 0.7565217614173889, "test_prec": 0.7131147384643555, "test_rec": 0.8055555820465088}
{"final": false, "params": {"dropout_proportion": 0.5753303366050754, "learning_rate": 5.491100890266111e-06}, "test_loss": 0.13807281851768494, "test_acc": 0.9183055758476257, "test_auc": 0.9525483846664429, "test_f1": 0.752293586730957, "test_prec": 0.7454545497894287, "test_rec": 0.7592592835426331}
{"final": false, "params": {"dropout_proportion": 0.2671812640557172, "learning_rate": 8.890665836660645e-05}, "test_loss": 0.1903504878282547, "test_acc": 0.9122541546821594, "test_auc": 0.9280523657798767, "test_f1": 0.7433628439903259, "test_prec": 0.7118644118309021, "test_rec": 0.7777777910232544}
{"final": false, "params": {"dropout_proportion": 0.14037279374256056, "learning_rate": 4.1661748566129384e-05}, "test_loss": 0.5117121934890747, "test_acc": 0.9107413291931152, "test_auc": 0.9541893005371094, "test_f1": 0.763052225112915, "test_prec": 0.673758864402771, "test_rec": 0.8796296119689941}
{"final": false, "params": {"dropout_proportion": 0.8341597630819652, "learning_rate": 7.318624284601236e-05}, "test_loss": 0.11731886863708496, "test_acc": 0.9167927503585815, "test_auc": 0.9488982558250427, "test_f1": 0.7659574747085571, "test_prec": 0.7086614370346069, "test_rec": 0.8333333134651184}
{"final": false, "params": {"dropout_proportion": 0.3621623561986256, "learning_rate": 1.2376591393908118e-06}, "test_loss": 0.36395737528800964, "test_acc": 0.9183055758476257, "test_auc": 0.9510916471481323, "test_f1": 0.7567567825317383, "test_prec": 0.7368420958518982, "test_rec": 0.7777777910232544}
{"final": false, "params": {"dropout_proportion": 0.8080226830565397, "learning_rate": 7.772459925836219e-05}, "test_loss": 0.3279512822628021, "test_acc": 0.9137670397758484, "test_auc": 0.9453486204147339, "test_f1": 0.7192118167877197, "test_prec": 0.7684210538864136, "test_rec": 0.6759259104728699}
{"final": false, "params": {"dropout_proportion": 0.5853103685425292, "learning_rate": 2.0250097573778993e-05}, "test_loss": 0.0010800242889672518, "test_acc": 0.9198184609413147, "test_auc": 0.9456332325935364, "test_f1": 0.7623318433761597, "test_prec": 0.739130437374115, "test_rec": 0.7870370149612427}
{"final": false, "params": {"dropout_proportion": 0.5871377151038404, "learning_rate": 0.0001}, "test_loss": 0.49971866607666016, "test_acc": 0.8381240367889404, "test_auc": 0.8896842002868652, "test_f1": 0.6348122954368591, "test_prec": 0.5027027130126953, "test_rec": 0.8611111044883728}
{"final": false, "params": {"dropout_proportion": 0.15514123835755408, "learning_rate": 6.201334770559753e-05}, "test_loss": 0.6122708916664124, "test_acc": 0.9213312864303589, "test_auc": 0.9431216716766357, "test_f1": 0.7570093274116516, "test_prec": 0.7641509175300598, "test_rec": 0.75}
{"final": false, "params": {"dropout_proportion": 0.1573961163163971, "learning_rate": 7.203653400802213e-05}, "test_loss": 0.27924850583076477, "test_acc": 0.9122541546821594, "test_auc": 0.9366754293441772, "test_f1": 0.7184466123580933, "test_prec": 0.7551020383834839, "test_rec": 0.6851851940155029}
{"final": false, "params": {"dropout_proportion": 0.5843440147983398, "learning_rate": 9.547446220514089e-05}, "test_loss": 0.11280928552150726, "test_acc": 0.9122541546821594, "test_auc": 0.9569352269172668, "test_f1": 0.7661290168762207, "test_prec": 0.6785714030265808, "test_rec": 0.8796296119689941}
{"final": false, "params": {"dropout_proportion": 0.6986375925952215, "learning_rate": 8.849807767598732e-05}, "test_loss": 0.35152262449264526, "test_acc": 0.8940998315811157, "test_auc": 0.7806576490402222, "test_f1": 0.6634615659713745, "test_prec": 0.6899999976158142, "test_rec": 0.6388888955116272}
{"final": false, "params": {"dropout_proportion": 0.7007907185162745, "learning_rate": 1.037921749617133e-05}, "test_loss": 0.3971148133277893, "test_acc": 0.9122541546821594, "test_auc": 0.9476927518844604, "test_f1": 0.7583333253860474, "test_prec": 0.689393937587738, "test_rec": 0.8425925970077515}
{"final": false, "params": {"dropout_proportion": 0.2057622379996091, "learning_rate": 1.6943800857231978e-05}, "test_loss": 0.6098616719245911, "test_acc": 0.9183055758476257, "test_auc": 0.9564663767814636, "test_f1": 0.7804877758026123, "test_prec": 0.695652186870575, "test_rec": 0.8888888955116272}
{"final": false, "params": {"dropout_proportion": 0.2038523800061146, "learning_rate": 5.387413576150037e-05}, "test_loss": 0.42576682567596436, "test_acc": 0.9152798652648926, "test_auc": 0.941003680229187, "test_f1": 0.7454545497894287, "test_prec": 0.7321428656578064, "test_rec": 0.7592592835426331}
{"final": false, "params": {"dropout_proportion": 0.5859561366676054, "learning_rate": 7.523403057724089e-05}, "test_loss": 0.0028746204916387796, "test_acc": 0.9213312864303589, "test_auc": 0.921673059463501, "test_f1": 0.769911527633667, "test_prec": 0.7372881174087524, "test_rec": 0.8055555820465088}
{"final": false, "params": {"dropout_proportion": 0.833235913191554, "learning_rate": 7.798677397472903e-05}, "test_loss": 0.015817150473594666, "test_acc": 0.9062027335166931, "test_auc": 0.911635160446167, "test_f1": 0.7075471878051758, "test_prec": 0.7211538553237915, "test_rec": 0.6944444179534912}
{"final": false, "params": {"dropout_proportion": 0.8323476709219667, "learning_rate": 8.72467129269379e-06},