{"final": false, "params": {"dropout_proportion": 0.8360235730558324, "learning_rate": 0.0001088416828885837}, "test_loss": 0.26742181181907654, "test_acc": 0.875945508480072, "test_auc": 0.8232284784317017, "test_f1": 0.6168224215507507, "test_prec": 0.6226415038108826, "test_rec": 0.6111111044883728}
{"final": false, "params": {"dropout_proportion": 0.7150514750349819, "learning_rate": 0.00029428568342001316}, "test_loss": 0.32596245408058167, "test_acc": 0.8366112112998962, "test_auc": 0.6513880491256714, "test_f1": 0.0, "test_prec": 0.0, "test_rec": 0.0}
{"final": false, "params": {"dropout_proportion": 0.46507366112387893, "learning_rate": 0.0009314863177359963}, "test_loss": 0.6298878788948059, "test_acc": 0.8366112112998962, "test_auc": 0.4699869453907013, "test_f1": 0.0, "test_prec": 0.0, "test_rec": 0.0}
{"final": false, "params": {"dropout_proportion": 0.09895741969071635, "learning_rate": 0.00019290159275629906}, "test_loss": 0.8015838265419006, "test_acc": 0.8366112112998962, "test_auc": 0.5336129665374756, "test_f1": 0.0, "test_prec": 0.0, "test_rec": 0.0}
{"final": false, "params": {"dropout_proportion": 0.47070329278003203, "learning_rate": 0.00035460096998346275}, "test_loss": 0.32890957593917847, "test_acc": 0.8366112112998962, "test_auc": 0.7718924283981323, "test_f1": 0.0, "test_prec": 0.0, "test_rec": 0.0}
{"final": false, "params": {"dropout_proportion": 0.7406506010752096, "learning_rate": 0.0005895182369872058}, "test_loss": 0.667777419090271, "test_acc": 0.8366112112998962, "test_auc": 0.42462828755378723, "test_f1": 0.0, "test_prec": 0.0, "test_rec": 0.0}
{"final": false, "params": {"dropout_proportion": 0.9320531436952066, "learning_rate": 0.0006834114671085397}, "test_loss": 0.34945252537727356, "test_acc": 0.8366112112998962, "test_auc": 0.5634752511978149, "test_f1": 0.0, "test_prec": 0.0, "test_rec": 0.0}
{"final": false, "params": {"dropout_proportion": 0.9295119580194723, "learning_rate": 3.966710398371405e-05}, "test_loss": 0.8169413208961487, "test_acc": 0.9213312864303589, "test_auc": 0.9342809915542603, "test_f1": 0.7636363506317139, "test_prec": 0.75, "test_rec": 0.7777777910232544}
{"final": false, "params": {"dropout_proportion": 0.7388614560611363, "learning_rate": 0.0007047874661717838}, "test_loss": 0.7262494564056396, "test_acc": 0.8366112112998962, "test_auc": 0.5040017366409302, "test_f1": 0.0, "test_prec": 0.0, "test_rec": 0.0}
{"final": false, "params": {"dropout_proportion": 0.3217290540406584, "learning_rate": 0.0006395660945353451}, "test_loss": 0.5788480043411255, "test_acc": 0.8366112112998962, "test_auc": 0.5275768637657166, "test_f1": 0.0, "test_prec": 0.0, "test_rec": 0.0}
{"final": false, "params": {"dropout_proportion": 0.8352805084538133, "learning_rate": 0.0008201260475139519}, "test_loss": 0.41057178378105164, "test_acc": 0.8366112112998962, "test_auc": 0.4923313558101654, "test_f1": 0.0, "test_prec": 0.0, "test_rec": 0.0}
{"final": false, "params": {"dropout_proportion": 0.7150621065285566, "learning_rate": 0.00034226774609240595}, "test_loss": 0.19753322005271912, "test_acc": 0.8366112112998962, "test_auc": 0.549243152141571, "test_f1": 0.0, "test_prec": 0.0, "test_rec": 0.0}
{"final": false, "params": {"dropout_proportion": 0.8360843924037438, "learning_rate": 3.595607827603655e-05}, "test_loss": 0.27371394634246826, "test_acc": 0.9288955926895142, "test_auc": 0.9520963430404663, "test_f1": 0.7793427109718323, "test_prec": 0.7904762029647827, "test_rec": 0.7685185074806213}
{"final": false, "params": {"dropout_proportion": 0.714891073752383, "learning_rate": 0.0003708858770115274}, "test_loss": 0.4206034541130066, "test_acc": 0.8366112112998962, "test_auc": 0.5929777026176453, "test_f1": 0.0, "test_prec": 0.0, "test_rec": 0.0}
{"final": false, "params": {"dropout_proportion": 0.47083190775845496, "learning_rate": 0.00021101229083581242}, "test_loss": 0.41029104590415955, "test_acc": 0.8366112112998962, "test_auc": 0.6365615129470825, "test_f1": 0.0, "test_prec": 0.0, "test_rec": 0.0}
{"final": false, "params": {"dropout_proportion": 0.7150596332905917, "learning_rate": 0.0004442608870592922}, "test_loss": 0.6308862566947937, "test_acc": 0.8366112112998962, "test_auc": 0.44780993461608887, "test_f1": 0.0, "test_prec": 0.0, "test_rec": 0.0}
{"final": false, "params": {"dropout_proportion": 0.9319835415942246, "learning_rate": 0.0007811415268880199}, "test_loss": 0.5055991411209106, "test_acc": 0.8366112112998962, "test_auc": 0.5038427114486694, "test_f1": 0.0, "test_prec": 0.0, "test_rec": 0.0}
{"final": false, "params": {"dropout_proportion": 0.8360819031896536, "learning_rate": 9.374437224872596e-05}, "test_loss": 0.5130447149276733, "test_acc": 0.8940998315811157, "test_auc": 0.9290151596069336, "test_f1": 0.7083333134651184, "test_prec": 0.6439393758773804, "test_rec": 0.7870370149612427}
{"final": false, "params": {"dropout_proportion": 0.8359842827885409, "learning_rate": 0.00022196191131825603}, "test_loss": 0.26630130410194397, "test_acc": 0.8366112112998962, "test_auc": 0.6133213043212891, "test_f1": 0.0, "test_prec": 0.0, "test_rec": 0.0}
{"final": false, "params": {"dropout_proportion": 0.7150879667315588, "learning_rate": 0.0003540919018188846}, "test_loss": 0.4872083365917206, "test_acc": 0.8366112112998962, "test_auc": 0.6338909268379211, "test_f1": 0.0, "test_prec": 0.0, "test_rec": 0.0}
{"final": false, "params": {"dropout_proportion": 0.9320527133757643, "learning_rate": 0.000710971167517034}, "test_loss": 0.3389541506767273, "test_acc": 0.8366112112998962, "test_auc": 0.5004186034202576, "test_f1": 0.0, "test_prec": 0.0, "test_rec": 0.0}
{"final": false, "params": {"dropout_proportion": 0.8359928133241092, "learning_rate": 0.0001728315529165124}, "test_loss": 0.2505010962486267, "test_acc": 0.8366112112998962, "test_auc": 0.8421739339828491, "test_f1": 0.0, "test_prec": 0.0, "test_rec": 0.0}
{"final": false, "params": {"dropout_proportion": 0.47077060433243845, "learning_rate": 0.0004107939699801848}, "test_loss": 0.5734517574310303, "test_acc": 0.8366112112998962, "test_auc": 0.5833165645599365, "test_f1": 0.0, "test_prec": 0.0, "test_rec": 0.0}
{"final": false, "params": {"dropout_proportion": 0.9321432264794717, "learning_rate": 0.0007854878718676174}, "test_loss": 0.49152085185050964, "test_acc": 0.8366112112998962, "test_auc": 0.4896356463432312, "test_f1": 0.0, "test_prec": 0.0, "test_rec": 0.0}
{"final": false, "params": {"dropout_proportion": 0.7148728562333198, "learning_rate": 0.00044057864314514793}, "test_loss": 0.3172985315322876, "test_acc": 0.8366112112998962, "test_auc": 0.4006262421607971, "test_f1": 0.0, "test_prec": 0.0, "test_rec": 0.0}
{"final": false, "params": {"dropout_proportion": 0.7147934466850806, "learning_rate": 0.00044174089101515286}, "test_loss": 0.3329903781414032, "test_acc": 0.8366112112998962, "test_auc": 0.7684850692749023, "test_f1": 0.0, "test_prec": 0.0, "test_rec": 0.0}
{"final": false, "params": {"dropout_proportion": 0.4706195409806525, "learning_rate": 0.0003835801203831011}, "test_loss": 0.12910965085029602, "test_acc": 0.8366112112998962, "test_auc": 0.5766693353652954, "test_f1": 0.0, "test_prec": 0.0, "test_rec": 0.0}
{"final": false, "params": {"dropout_proportion": 0.8360434399625792, "learning_rate": 0.0002006012606364649}, "test_loss": 0.4101969599723816, "test_acc": 0.8366112112998962, "test_auc": 0.231255441904068, "test_f1": 0.0, "test_prec": 0.0, "test_rec": 0.0}
{"final": false, "params": {"dropout_proportion": 0.47066768313944224, "learning_rate": 0.0004380309127822931}, "test_loss": 0.20489272475242615, "test_acc": 0.8366112112998962, "test_auc": 0.5521817207336426, "test_f1": 0.0, "test_prec": 0.0, "test_rec": 0.0}
{"final": false, "params": {"dropout_proportion": 0.8351564680121113, "learning_rate": 0.0007788631908000595}, "test_loss": 0.3357608914375305, "test_acc": 0.8366112112998962, "test_auc": 0.489309161901474, "test_f1": 0.0, "test_prec": 0.0, "test_rec": 0.0}
{"final": true,